seq,length,cleavage_prob,MW,II,pI,charge,GRAVY,total_score,adj_score
GPM,3,0.8216,303.38,-18.47,5.53,-0.24,-0.033,7.550,8.050
PGF,3,0.9529,319.36,6.67,5.95,-0.04,0.267,7.550,7.550
MGP,3,0.9420,303.38,6.67,5.28,-0.50,-0.033,7.550,7.550
PGM,3,0.9464,303.38,6.67,5.95,-0.04,-0.033,7.550,7.550
GPK,3,0.9509,300.35,6.67,8.75,0.76,-1.967,6.850,7.350
GPR,3,0.9077,328.37,-18.47,9.75,0.76,-2.167,6.550,7.050
PGQ,3,0.9663,300.31,6.67,5.95,-0.04,-1.833,6.850,6.850
KGP,3,0.8705,300.35,-21.63,8.75,0.76,-1.967,6.850,6.850
KPG,3,0.8326,300.35,-18.47,8.75,0.76,-1.967,6.850,6.850
QGP,3,0.9090,300.31,6.67,5.53,-0.24,-1.833,6.850,6.850
PGK,3,0.9919,300.35,-21.63,9.18,0.96,-1.967,6.550,6.550
PGR,3,0.9139,328.37,6.67,10.18,0.96,-2.167,6.550,6.550
PGE,3,0.8643,301.30,-18.47,4.60,-1.03,-1.833,6.550,6.550
EGP,3,0.9463,301.30,6.67,4.05,-1.16,-1.833,6.550,6.550
RGP,3,0.7739,328.37,-21.63,9.75,0.76,-2.167,6.550,6.550
PGPM,4,0.7354,400.49,-11.35,5.95,-0.04,-0.425,8.950,8.950
FQGP,4,0.9547,447.48,7.50,5.53,-0.24,-0.675,8.950,8.950
PGFQ,4,0.9588,447.48,7.50,5.95,-0.04,-0.675,8.950,8.950
IQGP,4,0.7704,413.47,7.50,5.53,-0.24,-0.250,8.950,8.950
PGQM,4,0.8514,431.51,7.50,5.95,-0.04,-0.900,8.950,8.950
LPGE,4,0.7740,414.45,36.80,4.60,-1.23,-0.425,8.650,8.650
PGDL,4,0.9437,400.43,7.50,4.05,-1.04,-0.425,8.650,8.650
VEGP,4,0.9153,400.43,7.50,4.05,-1.26,-0.325,8.650,8.650
DIGP,4,0.9291,400.43,7.50,4.05,-1.24,-0.250,8.650,8.650
PGMK,4,0.9579,431.55,7.50,9.18,0.96,-1.000,8.650,8.650
RVGP,4,0.8656,427.50,-13.73,9.75,0.76,-0.575,8.650,8.650
PGDR,4,0.8445,443.45,-11.35,6.27,-0.04,-2.500,8.250,8.250
PGDK,4,0.9365,415.44,-13.73,6.26,-0.04,-2.350,8.250,8.250
KPGE,4,0.7340,429.47,-30.20,6.22,-0.23,-2.350,8.250,8.250
KTGP,4,0.8653,401.46,-13.73,8.75,0.76,-1.650,8.250,8.250
RPGE,4,0.9504,457.48,36.80,6.22,-0.23,-2.500,8.250,8.250
EPGK,4,0.9575,429.47,34.43,6.10,-0.16,-2.350,8.250,8.250
PGRD,4,0.7744,443.45,7.50,6.52,-0.04,-2.500,8.250,8.250
PGKD,4,0.9619,415.44,-13.73,6.51,-0.04,-2.350,8.250,8.250
PGER,4,0.8740,457.48,-11.35,6.43,-0.04,-2.500,8.250,8.250
GPGA,4,0.7623,300.31,-13.73,5.53,-0.24,-0.150,7.550,8.050
GIPG,4,0.8788,342.39,-20.93,5.53,-0.24,0.525,7.550,8.050
GAPG,4,0.8760,300.31,34.43,5.53,-0.24,-0.150,7.550,8.050
GPIG,4,0.9149,342.39,7.50,5.53,-0.24,0.525,7.550,8.050
GPVG,4,0.8551,328.36,34.43,5.53,-0.24,0.450,7.550,8.050
GPTG,4,0.9166,330.34,-13.73,5.53,-0.24,-0.775,7.550,8.050
GTPG,4,0.7581,330.34,-13.73,5.53,-0.24,-0.775,7.550,8.050
SGPR,4,0.8380,415.44,-11.35,9.47,0.46,-1.825,7.950,7.950
MGPR,4,0.7452,459.56,-11.35,9.50,0.50,-1.150,7.950,7.950
ETGP,4,0.7694,402.40,-13.73,4.05,-1.16,-1.550,7.950,7.950
PGKN,4,0.9198,414.46,-13.73,9.18,0.96,-2.350,7.950,7.950
RGPS,4,0.8463,415.44,34.43,9.75,0.76,-1.825,7.950,7.950
PGQR,4,0.8034,456.50,7.50,10.18,0.96,-2.500,7.950,7.950
PGND,4,0.9412,401.37,-13.73,4.30,-1.04,-2.250,7.950,7.950
PGEN,4,0.8358,415.40,-11.35,4.05,-1.04,-2.250,7.950,7.950
PGEQ,4,0.7561,429.42,36.80,4.05,-1.04,-2.250,7.950,7.950
TGPR,4,0.9047,429.47,-32.58,9.41,0.40,-1.800,7.950,7.950
PGPR,4,0.8750,425.48,-11.35,10.18,0.96,-2.025,7.950,7.950
AGPT,4,0.7914,344.36,7.50,5.57,-0.20,-0.225,7.550,7.550
AVGP,4,0.8234,342.39,-13.73,5.57,-0.20,1.000,7.550,7.550
PGAP,4,0.8788,340.37,34.43,5.95,-0.04,-0.450,7.550,7.550
LPGA,4,0.8541,356.42,34.43,5.53,-0.24,0.900,7.550,7.550
AAGP,4,0.7753,314.34,7.50,5.57,-0.20,0.400,7.550,7.550
PVGP,4,0.7620,368.43,34.43,5.95,-0.04,0.150,7.550,7.550
PGLG,4,0.8620,342.39,7.50,5.95,-0.04,0.350,7.550,7.550
VAGP,4,0.8863,342.39,7.50,5.49,-0.27,1.000,7.550,7.550
LAGP,4,0.8715,356.42,7.50,5.53,-0.24,0.900,7.550,7.550
APGT,4,0.8520,344.36,34.43,5.57,-0.20,-0.225,7.550,7.550
TGPA,4,0.8940,344.36,34.43,5.18,-0.60,-0.225,7.550,7.550
QPGA,4,0.7096,371.39,34.43,5.53,-0.24,-0.925,7.550,7.550
GFQGP,5,0.8975,504.54,8.00,5.53,-0.24,-0.620,10.000,10.500
PGFQG,5,0.9020,504.54,8.00,5.95,-0.04,-0.620,10.000,10.000
GRPGE,5,0.8214,514.53,31.44,6.22,-0.23,-2.080,9.300,9.800
GPRGE,5,0.8211,514.53,-39.14,6.22,-0.23,-2.080,9.300,9.800
RGFPG,5,0.8579,532.59,29.54,9.75,0.76,-0.820,9.700,9.700
IDIGP,5,0.9602,513.58,8.00,4.05,-1.24,0.700,9.700,9.700
FPGAR,5,0.7999,546.62,29.54,9.75,0.76,-0.380,9.700,9.700
RVGPP,5,0.8256,524.61,29.54,9.75,0.76,-0.780,9.700,9.700
GPTGL,5,0.9336,443.49,-8.98,5.53,-0.24,0.140,8.950,9.450
GAQGP,5,0.7753,428.44,-8.98,5.53,-0.24,-0.820,8.950,9.450
GPTGP,5,0.8546,427.45,-8.98,5.53,-0.24,-0.940,8.950,9.450
GNPGA,5,0.7357,414.41,-31.72,5.53,-0.24,-0.820,8.950,9.450
GLPGA,5,0.8534,413.47,29.54,5.53,-0.24,0.640,8.950,9.450
GAPGK,5,0.7139,428.48,12.56,8.75,0.76,-0.900,8.950,9.450
GPQGI,5,0.8296,470.52,29.54,5.53,-0.24,-0.280,8.950,9.450
GPVGP,5,0.8578,425.48,29.54,5.53,-0.24,0.040,8.950,9.450
GPQGA,5,0.9000,428.44,29.54,5.53,-0.24,-0.820,8.950,9.450
GPTGI,5,0.8745,443.49,-25.96,5.53,-0.24,0.280,8.950,9.450
GIPGQ,5,0.7751,470.52,-14.74,5.53,-0.24,-0.280,8.950,9.450
GLAGP,5,0.8846,413.47,8.00,5.53,-0.24,0.640,8.950,9.450
GLPGT,5,0.9121,443.49,29.54,5.53,-0.24,0.140,8.950,9.450
GQPGA,5,0.7220,428.44,29.54,5.53,-0.24,-0.820,8.950,9.450
GAPGF,5,0.7909,447.48,29.54,5.53,-0.24,0.440,8.950,9.450
GLTGP,5,0.9596,443.49,-8.98,5.53,-0.24,0.140,8.950,9.450
GAPGT,5,0.8367,401.41,12.56,5.53,-0.24,-0.260,8.950,9.450
GPMGP,5,0.7671,457.54,-7.08,5.53,-0.24,-0.420,8.950,9.450
GVQGP,5,0.7418,456.49,8.00,5.53,-0.24,-0.340,8.950,9.450
GFPGA,5,0.8127,447.48,29.54,5.53,-0.24,0.440,8.950,9.450
GAPGQ,5,0.7476,428.44,29.54,5.53,-0.24,-0.820,8.950,9.450
GPAGK,5,0.7632,428.48,29.54,8.75,0.76,-0.900,8.950,9.450
GIQGP,5,0.7527,470.52,-8.98,5.53,-0.24,-0.280,8.950,9.450
GAPGL,5,0.8755,413.47,29.54,5.53,-0.24,0.640,8.950,9.450
GPIGP,5,0.9228,439.51,8.00,5.53,-0.24,0.100,8.950,9.450
GPTGA,5,0.8661,401.41,-25.96,5.53,-0.24,-0.260,8.950,9.450
GFAGP,5,0.8187,447.48,8.00,5.53,-0.24,0.440,8.950,9.450
GAPGI,5,0.7790,413.47,12.56,5.53,-0.24,0.780,8.950,9.450
APGDR,5,0.7949,514.53,31.44,5.88,-0.20,-1.640,9.300,9.300
EPGKA,5,0.8583,500.55,29.54,6.10,-0.16,-1.520,9.300,9.300
RPGEA,5,0.7261,528.56,31.44,6.00,-0.24,-1.640,9.300,9.300
PPGER,5,0.8654,554.60,31.44,6.43,-0.04,-2.320,9.300,9.300
PGERG,5,0.8334,514.53,-24.06,6.43,-0.04,-2.080,9.300,9.300
RGEPG,5,0.9076,514.53,14.46,6.00,-0.24,-2.080,9.300,9.300
FPGER,5,0.8492,604.66,31.44,6.00,-0.24,-1.440,9.300,9.300
PGDRG,5,0.7487,500.51,-24.06,6.27,-0.04,-2.080,9.300,9.300
LPGER,5,0.8986,570.64,31.44,6.00,-0.24,-1.240,9.300,9.300
GEPGA,5,0.7883,429.43,14.46,4.05,-1.24,-0.820,8.650,9.150
GADGP,5,0.8192,415.40,-25.96,4.05,-1.24,-0.820,8.650,9.150
GLPGE,5,0.7479,471.50,31.44,4.60,-1.23,-0.420,8.650,9.150
GDAGP,5,0.7757,415.40,8.00,4.05,-1.24,-0.820,8.650,9.150
GRVGP,5,0.8503,484.55,-8.98,9.75,0.76,-0.540,8.650,9.150
GFPGAA,6,0.8091,518.56,26.28,5.53,-0.24,0.667,10.000,10.500
GLPGTA,6,0.8819,514.57,26.28,5.53,-0.24,0.417,10.000,10.500
GPTGLP,6,0.9183,540.61,26.28,5.53,-0.24,-0.150,10.000,10.500
GPIGSV,6,0.7851,528.60,8.33,5.53,-0.24,0.917,10.000,10.500
GLTGPI,6,0.9725,556.65,-5.82,5.53,-0.24,0.867,10.000,10.500
GAQGPP,6,0.7514,525.56,26.28,5.53,-0.24,-0.950,10.000,10.500
GPTGIQ,6,0.8734,571.62,-19.97,5.53,-0.24,-0.350,10.000,10.500
GIPGQP,6,0.7797,567.64,21.48,5.53,-0.24,-0.500,10.000,10.500
GNAGPP,6,0.7182,511.53,26.28,5.53,-0.24,-0.950,10.000,10.500
GPQGIA,6,0.8076,541.60,26.28,5.53,-0.24,0.067,10.000,10.500
GPVGKE,6,0.9484,585.65,12.13,6.22,-0.23,-0.933,10.000,10.500
GISVPG,6,0.9422,528.60,26.28,5.53,-0.24,0.917,10.000,10.500
GLPGAK,6,0.7675,541.64,26.28,8.75,0.76,-0.117,10.000,10.500
GFPGAR,6,0.8181,603.67,26.28,9.75,0.76,-0.383,9.700,10.200
GIDIGP,6,0.9593,570.64,-5.82,4.05,-1.24,0.517,9.700,10.200
GRVGPP,6,0.8528,581.66,26.28,9.75,0.76,-0.717,9.700,10.200
GPTGAR,6,0.8790,557.60,-19.97,9.75,0.76,-0.967,9.700,10.200
GFPGAD,6,0.7235,562.57,12.13,4.30,-1.24,-0.217,9.700,10.200
GFPGAV,6,0.7733,546.62,26.28,5.53,-0.24,1.067,9.700,10.200
GARGPS,6,0.8298,543.57,12.13,9.75,0.76,-0.983,9.700,10.200
GPVGAR,6,0.7591,555.63,12.13,9.75,0.76,-0.150,9.700,10.200
GPSGAR,6,0.9253,543.57,26.28,9.75,0.76,-0.983,9.700,10.200
GPPGAD,6,0.7692,512.51,12.13,4.30,-1.24,-0.950,9.700,10.200
GPAGAR,6,0.9011,527.57,26.28,9.75,0.76,-0.550,9.700,10.200
GARGPA,6,0.7867,527.57,12.13,9.75,0.76,-0.550,9.700,10.200
GETGPA,6,0.7863,530.53,13.72,4.05,-1.24,-0.800,9.700,10.200
VGLPGQ,6,0.9306,569.65,26.28,5.49,-0.27,0.350,10.000,10.000
PGPTGI,6,0.8587,540.61,-19.97,5.95,-0.04,-0.033,10.000,10.000
PGPQGI,6,0.7840,567.64,26.28,5.95,-0.04,-0.500,10.000,10.000
VAGPKG,6,0.7728,527.61,-5.82,8.72,0.73,-0.050,10.000,10.000
LPGMKG,6,0.8709,601.76,26.28,8.75,0.76,-0.100,10.000,10.000
TGPIGP,6,0.8791,540.61,-5.82,5.18,-0.60,-0.033,10.000,10.000
ATGFPG,6,0.7025,548.59,26.28,5.57,-0.20,0.250,10.000,10.000
PGKDGL,6,0.9257,585.65,-5.82,6.26,-0.04,-1.000,10.000,10.000
PGLAGP,6,0.8357,510.58,8.33,5.95,-0.04,0.267,10.000,10.000
PGPMGP,6,0.7849,554.66,-4.23,5.95,-0.04,-0.617,10.000,10.000
QGAPGL,6,0.8375,541.60,26.28,5.53,-0.24,-0.050,10.000,10.000
TGLPGP,6,0.9059,540.61,26.28,5.18,-0.60,-0.150,10.000,10.000
TGFPGA,6,0.9476,548.59,12.13,5.18,-0.60,0.250,10.000,10.000
PTGLPG,6,0.8993,540.61,26.28,5.95,-0.04,-0.150,10.000,10.000
TGIQGP,6,0.9436,571.62,-19.97,5.18,-0.60,-0.350,10.000,10.000
PGTAGL,6,0.8660,514.57,-5.82,5.95,-0.04,0.417,10.000,10.000
IPGQPG,6,0.8503,567.64,35.63,5.53,-0.24,-0.500,10.000,10.000
PGASVP,6,0.8392,526.58,26.28,5.95,-0.04,0.267,10.000,10.000
TGPSGP,6,0.8101,514.53,26.28,5.18,-0.60,-0.917,10.000,10.000
VGPPGL,6,0.8037,538.64,26.28,5.49,-0.27,0.667,10.000,10.000
PGPVGP,6,0.7489,522.59,26.28,5.95,-0.04,-0.233,10.000,10.000
PGFQGL,6,0.9288,617.69,8.33,5.95,-0.04,0.117,10.000,10.000
LNGLPG,6,0.8637,569.65,15.38,5.53,-0.24,0.283,10.000,10.000
PGKDGV,6,0.8485,571.62,-5.82,6.26,-0.04,-0.933,10.000,10.000
GAPGAPG,7,0.8116,525.56,39.34,5.53,-0.24,-0.114,10.000,10.500
GLPGERG,7,0.7742,684.74,13.19,6.00,-0.24,-1.000,10.000,10.500
GFPGAAG,7,0.7713,575.61,23.96,5.53,-0.24,0.514,10.000,10.500
GSAGPPG,7,0.7460,541.55,36.09,5.53,-0.24,-0.486,10.000,10.500
GVRGEPG,7,0.8086,670.72,13.19,6.00,-0.24,-0.943,10.000,10.500
GPMGPSG,7,0.7539,601.67,25.31,5.53,-0.24,-0.471,10.000,10.500
GFQGPPG,7,0.9642,658.70,36.09,5.53,-0.24,-0.729,10.000,10.500
GIAGAPG,7,0.8484,541.60,11.83,5.53,-0.24,0.757,10.000,10.500
GIPGQPG,7,0.9377,624.69,19.84,5.53,-0.24,-0.486,10.000,10.500
GLTGPIG,7,0.9851,613.70,-3.56,5.53,-0.24,0.686,10.000,10.500
GAVGPAG,7,0.7187,527.57,11.83,5.53,-0.24,0.714,10.000,10.500
GISVPGP,7,0.7627,625.71,23.96,5.53,-0.24,0.557,10.000,10.500
GPIGSVG,7,0.7917,585.65,-3.56,5.53,-0.24,0.729,10.000,10.500
GPAGFAG,7,0.7160,575.61,36.09,5.53,-0.24,0.514,10.000,10.500
GAQGPPG,7,0.7832,582.61,23.96,5.53,-0.24,-0.871,10.000,10.500
GSVGAPG,7,0.7453,543.57,11.83,5.53,-0.24,0.343,10.000,10.500
GPSGASG,7,0.9080,531.52,23.96,5.53,-0.24,-0.371,10.000,10.500
GPIGPVG,7,0.9721,595.69,23.96,5.53,-0.24,0.614,10.000,10.500
GPQGFQG,7,0.9866,689.72,36.09,5.53,-0.24,-1.000,10.000,10.500
GFAGPPG,7,0.7702,601.65,36.09,5.53,-0.24,0.029,10.000,10.500
GPAGPTG,7,0.8389,555.58,23.96,5.53,-0.24,-0.471,10.000,10.500
GPPGSAG,7,0.7167,541.55,36.09,5.53,-0.24,-0.486,10.000,10.500
GPAGKSG,7,0.8112,572.61,23.96,8.75,0.76,-0.814,10.000,10.500
GSAGAPG,7,0.8146,515.52,23.96,5.53,-0.24,-0.000,10.000,10.500
GAPGPKG,7,0.7706,582.65,11.83,8.75,0.76,-0.929,10.000,10.500
GVAGPKG,7,0.7407,584.67,-3.56,8.75,0.76,-0.100,10.000,10.500
GPTGLPG,7,0.9555,597.66,23.96,5.53,-0.24,-0.186,10.000,10.500
GLPGTAG,7,0.9067,571.62,23.96,5.53,-0.24,0.300,10.000,10.500
GLPGPIG,7,0.9100,609.71,36.09,5.53,-0.24,0.557,10.000,10.500
GPIGPPG,7,0.9668,593.67,36.09,5.53,-0.24,-0.214,10.000,10.500
GAAGLPG,7,0.8830,541.60,23.96,5.53,-0.24,0.657,10.000,10.500
GVQGPPG,7,0.7952,610.66,36.09,5.53,-0.24,-0.529,10.000,10.500
GFQGLPG,7,0.9489,674.74,36.09,5.53,-0.24,0.043,10.000,10.500
GPPGLAG,7,0.7175,567.64,36.09,5.53,-0.24,0.171,10.000,10.500
GPTGIQG,7,0.9913,628.68,-15.69,5.53,-0.24,-0.357,10.000,10.500
GTAGLPG,7,0.8719,571.62,23.96,5.53,-0.24,0.300,10.000,10.500
GPPGPIG,7,0.9278,593.67,36.09,5.53,-0.24,-0.214,10.000,10.500
GASGPAG,7,0.7865,515.52,23.96,5.53,-0.24,-0.000,10.000,10.500
GPPGAVG,7,0.7709,553.61,11.83,5.53,-0.24,0.229,10.000,10.500
GFPGAVG,7,0.7055,603.67,11.83,5.53,-0.24,0.857,10.000,10.500
GPPGPTG,7,0.9187,581.62,23.96,5.53,-0.24,-0.957,10.000,10.500
GIQGPPG,7,0.9078,624.69,23.96,5.53,-0.24,-0.486,10.000,10.500
GAAGPPG,7,0.7502,525.56,23.96,5.53,-0.24,-0.114,10.000,10.500
GPAGPKG,7,0.9415,582.65,23.96,8.75,0.76,-0.929,10.000,10.500
GPAGPIG,7,0.9317,567.64,36.09,5.53,-0.24,0.271,10.000,10.500
GLPGPKG,7,0.9033,624.73,23.96,8.75,0.76,-0.643,10.000,10.500
GPVGKEG,7,0.9452,642.70,11.83,6.00,-0.24,-0.857,10.000,10.500
GPQGIAG,7,0.8570,598.65,23.96,5.53,-0.24,-0.000,10.000,10.500
GATGFPG,7,0.7615,605.64,11.83,5.53,-0.24,0.157,10.000,10.500
GLPGMKG,7,0.8329,658.81,23.96,8.75,0.76,-0.143,10.000,10.500
GPMGPSGP,8,0.7801,698.79,23.40,5.53,-0.24,-0.613,10.000,10.500
GAPGFPGA,8,0.7324,672.73,35.67,5.53,-0.24,0.250,10.000,10.500
GPTGLPGP,8,0.9840,694.78,22.21,5.53,-0.24,-0.363,10.000,10.500
GAPGPSGA,8,0.7681,612.63,35.67,5.53,-0.24,-0.200,10.000,10.500
GAPGAPGA,8,0.8508,596.63,25.06,5.53,-0.24,0.125,10.000,10.500
GAPGAPGP,8,0.7162,622.67,35.68,5.53,-0.24,-0.300,10.000,10.500
GPPGAPGA,8,0.8092,622.67,35.67,5.53,-0.24,-0.300,10.000,10.500
GFAGPPGA,8,0.8277,672.73,22.21,5.53,-0.24,0.250,10.000,10.500
GAPGPAGA,8,0.8048,596.63,35.67,5.53,-0.24,0.125,10.000,10.500
GPIGSVGA,8,0.8219,656.73,-12.48,5.53,-0.24,0.863,10.000,10.500
GPAGNPGA,8,0.7884,639.66,8.00,5.53,-0.24,-0.537,10.000,10.500
GIPGQPGL,8,0.9268,737.84,18.61,5.53,-0.24,0.050,10.000,10.500
GTAGLPGM,8,0.9004,702.82,22.21,5.53,-0.24,0.500,10.000,10.500
GERGFPGL,8,0.8671,831.92,12.79,6.00,-0.24,-0.525,10.000,10.500
GPQGIAGQ,8,0.9643,726.78,22.21,5.53,-0.24,-0.438,10.000,10.500
GAPGIAGA,8,0.8528,612.68,0.99,5.53,-0.24,0.887,10.000,10.500
GPPGPVGK,8,0.9225,707.82,35.67,8.75,0.76,-0.713,10.000,10.500
GPTGPAGP,8,0.8193,652.70,22.21,5.53,-0.24,-0.613,10.000,10.500
GAPGSQGA,8,0.7169,643.65,35.67,5.53,-0.24,-0.438,10.000,10.500
GPTGIQGP,8,0.9932,725.79,-12.48,5.53,-0.24,-0.513,10.000,10.500
GISVPGPM,8,0.8657,756.91,12.79,5.53,-0.24,0.725,10.000,10.500
GIQGPPGP,8,0.9521,721.80,22.21,5.53,-0.24,-0.625,10.000,10.500
GLNGLPGP,8,0.7320,723.82,14.04,5.53,-0.24,-0.038,10.000,10.500
GSVGAPGP,8,0.8393,640.69,11.60,5.53,-0.24,0.100,10.000,10.500
GAAGPPGP,8,0.7638,622.67,22.21,5.53,-0.24,-0.300,10.000,10.500
GVQGPPGP,8,0.8722,707.77,32.83,5.53,-0.24,-0.662,10.000,10.500
GAPGKDGL,8,0.9222,713.78,11.60,5.84,-0.24,-0.575,10.000,10.500
GAVGPAGK,8,0.9153,655.74,0.99,8.75,0.76,0.138,10.000,10.500
GATGFPGA,8,0.7898,676.72,0.99,5.53,-0.24,0.362,10.000,10.500
GFPGPKGA,8,0.7042,729.82,11.60,8.75,0.76,-0.463,10.000,10.500
GPSGASGP,8,0.8868,628.63,22.21,5.53,-0.24,-0.525,10.000,10.500
GAAGEPGK,8,0.9472,685.73,2.18,6.00,-0.24,-0.825,10.000,10.500
GAKGDAGP,8,0.7051,671.70,-12.48,5.84,-0.24,-0.825,10.000,10.500
GPAGPKGS,8,0.9276,669.73,22.21,8.75,0.76,-0.912,10.000,10.500
GAPGPKGA,8,0.8754,653.73,0.99,8.75,0.76,-0.588,10.000,10.500
GDAGPKGA,8,0.9127,671.70,-12.48,5.84,-0.24,-0.825,10.000,10.500
GAAGPAGN,8,0.7648,613.62,11.60,5.53,-0.24,-0.113,10.000,10.500
GPIGPVGA,8,0.9723,666.77,11.60,5.53,-0.24,0.762,10.000,10.500
GPAGERGA,8,0.9210,713.74,2.18,6.00,-0.24,-0.900,10.000,10.500
GSAGPPGA,8,0.7591,612.63,22.21,5.53,-0.24,-0.200,10.000,10.500
GMPGERGA,8,0.8433,773.86,33.02,6.00,-0.24,-0.888,10.000,10.500
GVVGLPGQ,8,0.9066,725.83,22.21,5.53,-0.24,0.738,10.000,10.500
GPIGPPGP,8,0.9675,690.79,32.83,5.53,-0.24,-0.388,10.000,10.500
GLPGPKGD,8,0.9524,739.82,22.21,6.09,-0.24,-1.000,10.000,10.500
GLPGMKGH,8,0.8748,795.95,22.21,8.76,0.85,-0.525,10.000,10.500
GLPGPIGP,8,0.9785,706.83,32.83,5.53,-0.24,0.287,10.000,10.500
GPVGKEGG,8,0.9282,699.75,27.03,6.00,-0.24,-0.800,10.000,10.500
GAQGPPGP,8,0.7208,679.72,22.21,5.53,-0.24,-0.963,10.000,10.500
GFPGERGV,8,0.9104,817.89,12.79,6.00,-0.24,-0.475,10.000,10.500
GAAGLPGP,8,0.8088,638.71,22.21,5.53,-0.24,0.375,10.000,10.500
GAPGAPGS,8,0.8126,612.63,35.68,5.53,-0.24,-0.200,10.000,10.500
GFPGAVGA,8,0.8124,674.74,0.99,5.53,-0.24,0.975,10.000,10.500
GLTGPIGP,8,0.9930,710.82,-1.86,5.53,-0.24,0.400,10.000,10.500
GPAGAPGT,8,0.8008,626.66,35.67,5.53,-0.24,-0.188,10.000,10.500
GPPGLAGP,8,0.8632,664.75,32.83,5.53,-0.24,-0.050,10.000,10.500
GATGAAGP,8,0.7664,600.62,-23.09,5.53,-0.24,0.237,10.000,10.500
GTPGPQGI,8,0.9567,725.79,11.60,5.53,-0.24,-0.513,10.000,10.500
GPVGPAGK,8,0.9827,681.78,35.67,8.75,0.76,-0.287,10.000,10.500
GPPGPIGS,8,0.7549,680.75,32.83,5.53,-0.24,-0.288,10.000,10.500
GPAGPIGP,8,0.9706,664.75,32.83,5.53,-0.24,0.037,10.000,10.500
GPPGSAGA,8,0.8293,612.63,22.21,5.53,-0.24,-0.200,10.000,10.500
GLPGTAGL,8,0.9687,684.78,22.21,5.53,-0.24,0.737,10.000,10.500
GFQGLPGP,8,0.8991,771.86,32.83,5.53,-0.24,-0.163,10.000,10.500
GARGAPGD,8,0.9215,699.71,0.99,6.09,-0.24,-0.900,10.000,10.500
GPPGATGF,8,0.7314,702.76,11.60,5.53,-0.24,-0.063,10.000,10.500
GPVGPAGKS,9,0.9721,768.86,32.82,8.75,0.76,-0.344,10.000,10.500
GAAGLPGPK,9,0.7882,766.89,20.86,8.75,0.76,-0.100,10.000,10.500
GTPGPQGIA,9,0.9432,796.87,11.42,5.53,-0.24,-0.256,10.000,10.500
GPAGERGAP,9,0.8682,810.86,24.44,6.00,-0.24,-0.978,10.000,10.500
GFPGPKGAA,9,0.7001,800.90,11.42,8.75,0.76,-0.211,10.000,10.500
GMPGERGAA,9,0.8498,844.94,30.47,6.00,-0.24,-0.589,10.000,10.500
GPPGPIGSV,9,0.8518,779.88,30.29,5.53,-0.24,0.211,10.000,10.500
GEAGLPGAK,9,0.7013,798.88,12.48,6.00,-0.24,-0.311,10.000,10.500
GVAGPKGPA,9,0.8595,752.86,20.86,8.75,0.76,-0.056,10.000,10.500
GISVPGPMG,9,0.8115,813.96,12.48,5.53,-0.24,0.600,10.000,10.500
GATGFPGAA,9,0.8397,747.80,1.99,5.53,-0.24,0.522,10.000,10.500
GADGVAGPK,9,0.8043,770.83,-9.98,5.84,-0.24,-0.267,10.000,10.500
GATGAAGPP,9,0.7581,697.74,1.99,5.53,-0.24,0.033,10.000,10.500
GPAGAPGDK,9,0.9562,768.82,32.82,5.84,-0.24,-0.911,10.000,10.500
GERGAPGPA,9,0.8530,810.86,24.44,6.00,-0.24,-0.978,10.000,10.500
GAKGDAGPA,9,0.7498,742.78,11.42,5.84,-0.24,-0.533,10.000,10.500
GPAGAPGTP,9,0.7502,723.77,32.82,5.53,-0.24,-0.344,10.000,10.500
GAVGPAGKD,9,0.9476,770.83,1.99,6.09,-0.24,-0.267,10.000,10.500
GAPGIAGAP,9,0.9236,709.79,23.39,5.53,-0.24,0.611,10.000,10.500
GAKGLTGSP,9,0.7766,786.87,29.41,8.75,0.76,-0.289,10.000,10.500
GDAGPAGPK,9,0.7660,768.82,30.29,5.84,-0.24,-0.911,10.000,10.500
GTAGLPGMK,9,0.9187,830.99,20.86,8.75,0.76,0.011,10.000,10.500
GARGFPGAD,9,0.8606,846.89,-7.44,6.09,-0.24,-0.489,10.000,10.500
GLTGPIGPP,9,0.9928,807.93,20.86,5.53,-0.24,0.178,10.000,10.500
GAKGDAGAP,9,0.7589,742.78,1.99,5.84,-0.24,-0.533,10.000,10.500
GAAGEPGKA,9,0.9385,756.80,3.04,6.00,-0.24,-0.533,10.000,10.500
GSAGAPGKD,9,0.8571,758.78,11.42,6.09,-0.24,-0.822,10.000,10.500
GLNGLPGPI,9,0.8873,836.98,13.59,5.53,-0.24,0.467,10.000,10.500
GSAGPPGAT,9,0.7333,713.74,20.86,5.53,-0.24,-0.256,10.000,10.500
GPIGSVGAP,9,0.7377,753.84,11.42,5.53,-0.24,0.589,10.000,10.500
GPTGIQGPP,9,0.9787,822.91,11.42,5.53,-0.24,-0.633,10.000,10.500
GKTGPPGPA,9,0.9773,780.87,32.82,8.75,0.76,-0.978,10.000,10.500
GSVGAPGPK,9,0.9289,768.86,11.42,8.75,0.76,-0.344,10.000,10.500
GAAGPPGPT,9,0.7498,723.77,20.86,5.53,-0.24,-0.344,10.000,10.500
GIPGQPGLP,9,0.9657,834.96,39.06,5.53,-0.24,-0.133,10.000,10.500
GIAGAPGFP,9,0.7814,785.89,32.82,5.53,-0.24,0.722,10.000,10.500
GARGLPGTA,9,0.9080,798.89,1.99,9.75,0.76,-0.067,9.700,10.200
GPIGPVGAR,9,0.9532,822.95,11.42,9.75,0.76,0.178,9.700,10.200
GARGSAGPP,9,0.8744,768.82,11.42,9.75,0.76,-0.678,9.700,10.200
GASGPAGPR,9,0.7459,768.82,12.48,9.75,0.76,-0.678,9.700,10.200
GEPGPTGLP,9,0.9351,823.89,33.88,4.05,-1.24,-0.711,9.700,10.200
GFAGPPGAD,9,0.7895,787.82,11.42,4.30,-1.24,-0.167,9.700,10.200
GPRGLPGPP,9,0.9161,846.97,33.88,9.75,0.76,-0.922,9.700,10.200
GFPGAAGRV,9,0.8814,830.93,20.86,9.75,0.76,0.367,9.700,10.200
GAPGQMGPR,9,0.7575,869.99,12.48,9.75,0.76,-0.967,9.700,10.200
GPQGIAGQR,9,0.9573,882.96,20.86,9.75,0.76,-0.889,9.700,10.200
GAPGPAGAR,9,0.8026,752.82,32.82,9.75,0.76,-0.389,9.700,10.200
GAPGPSGAR,9,0.7894,768.82,32.82,9.75,0.76,-0.678,9.700,10.200
GETGPSGPA,9,0.7671,771.77,33.88,4.05,-1.24,-0.844,9.700,10.200
GPPGARGQA,9,0.7637,809.87,11.42,9.75,0.76,-0.978,9.700,10.200
GDAGAPGAP,9,0.8279,711.72,32.82,4.05,-1.24,-0.278,9.700,10.200
GAAGRVGPP,9,0.7383,780.87,11.42,9.75,0.76,-0.122,9.700,10.200
GETGPAGPP,9,0.8582,781.81,33.88,4.05,-1.24,-0.933,9.700,10.200
GVRGLTGPI,9,0.8872,869.02,-9.98,9.75,0.76,0.500,9.700,10.200
GPTGARGAP,9,0.8809,782.85,-7.44,9.75,0.76,-0.667,9.700,10.200
GFPGADGVA,9,0.7201,789.83,11.42,4.05,-1.24,0.478,9.700,10.200
GPAGNPGAD,9,0.9012,754.75,-1.21,4.30,-1.24,-0.867,9.700,10.200
GVVGLPGQR,9,0.8380,882.02,20.86,9.75,0.76,0.156,9.700,10.200
GEPGPTGIQ,9,0.9133,854.90,3.04,4.05,-1.24,-0.844,9.700,10.200
GFPGARGPS,9,0.7071,844.91,32.82,9.75,0.76,-0.567,9.700,10.200
GARGPAGPQ,9,0.7307,809.87,32.82,9.75,0.76,-0.978,9.700,10.200
GPSGPRGLP,9,0.8967,836.94,33.88,9.75,0.76,-0.833,9.700,10.200
GPIGPPGPR,9,0.9682,846.97,21.91,9.75,0.76,-0.844,9.700,10.200
GPQGARGLP,9,0.9527,851.95,32.82,9.75,0.76,-0.756,9.700,10.200
GEAGAQGPP,9,0.7442,782.80,12.48,4.05,-1.24,-0.867,9.700,10.200
GAPGFPGAR,9,0.8107,828.91,32.82,9.75,0.76,-0.278,9.700,10.200
